scheme,profile,recorded_type,count
baseline,0,0,0
baseline,0,1,10
baseline,0,2,5
baseline,0,3,0
baseline,0,4,1742
baseline,1,0,126
baseline,1,1,0
baseline,1,2,0
baseline,1,3,0
baseline,1,4,29
baseline,2,0,2
baseline,2,1,216
baseline,2,2,0
baseline,2,3,0
baseline,2,4,55
baseline,3,0,82
baseline,3,1,60
baseline,3,2,0
baseline,3,3,0
baseline,3,4,13
baseline,4,0,0
baseline,4,1,0
baseline,4,2,135
baseline,4,3,0
baseline,4,4,11
baseline,5,0,6
baseline,5,1,0
baseline,5,2,28
baseline,5,3,0
baseline,5,4,0
baseline,6,0,0
baseline,6,1,45
baseline,6,2,232
baseline,6,3,0
baseline,6,4,13
baseline,7,0,13
baseline,7,1,16
baseline,7,2,104
baseline,7,3,0
baseline,7,4,4
baseline,8,0,0
baseline,8,1,0
baseline,8,2,1
baseline,8,3,183
baseline,8,4,13
baseline,9,0,1
baseline,9,1,1
baseline,9,2,0
baseline,9,3,11
baseline,9,4,3
baseline,10,0,0
baseline,10,1,1
baseline,10,2,0
baseline,10,3,41
baseline,10,4,2
baseline,11,0,0
baseline,11,1,0
baseline,11,2,0
baseline,11,3,6
baseline,11,4,0
baseline,12,0,0
baseline,12,1,0
baseline,12,2,0
baseline,12,3,9
baseline,12,4,1
baseline,13,0,0
baseline,13,1,0
baseline,13,2,0
baseline,13,3,0
baseline,13,4,0
baseline,14,0,0
baseline,14,1,1
baseline,14,2,1
baseline,14,3,12
baseline,14,4,0
baseline,15,0,0
baseline,15,1,0
baseline,15,2,0
baseline,15,3,2
baseline,15,4,0
common6,0,0,3
common6,0,1,146
common6,0,2,50
common6,0,3,49
common6,0,4,1824
common6,1,0,208
common6,1,1,29
common6,1,2,6
common6,1,3,1
common6,1,4,45
common6,2,0,0
common6,2,1,99
common6,2,2,1
common6,2,3,0
common6,2,4,2
common6,3,0,7
common6,3,1,36
common6,3,2,0
common6,3,3,0
common6,3,4,1
common6,4,0,0
common6,4,1,15
common6,4,2,303
common6,4,3,3
common6,4,4,7
common6,5,0,11
common6,5,1,7
common6,5,2,108
common6,5,3,0
common6,5,4,2
common6,6,0,0
common6,6,1,14
common6,6,2,20
common6,6,3,0
common6,6,4,1
common6,7,0,1
common6,7,1,4
common6,7,2,17
common6,7,3,0
common6,7,4,1
common6,8,0,0
common6,8,1,0
common6,8,2,1
common6,8,3,175
common6,8,4,1
common6,9,0,0
common6,9,1,0
common6,9,2,0
common6,9,3,13
common6,9,4,0
common6,10,0,0
common6,10,1,0
common6,10,2,0
common6,10,3,4
common6,10,4,1
common6,11,0,0
common6,11,1,0
common6,11,2,0
common6,11,3,3
common6,11,4,0
common6,12,0,0
common6,12,1,0
common6,12,2,0
common6,12,3,14
common6,12,4,1
common6,13,0,0
common6,13,1,0
common6,13,2,0
common6,13,3,2
common6,13,4,0
common6,14,0,0
common6,14,1,0
common6,14,2,0
common6,14,3,0
common6,14,4,0
common6,15,0,0
common6,15,1,0
common6,15,2,0
common6,15,3,0
common6,15,4,0
common7,0,0,87
common7,0,1,167
common7,0,2,61
common7,0,3,53
common7,0,4,1872
common7,1,0,127
common7,1,1,10
common7,1,2,4
common7,1,3,0
common7,1,4,0
common7,2,0,1
common7,2,1,131
common7,2,2,1
common7,2,3,0
common7,2,4,3
common7,3,0,3
common7,3,1,6
common7,3,2,0
common7,3,3,0
common7,3,4,0
common7,4,0,5
common7,4,1,20
common7,4,2,358
common7,4,3,2
common7,4,4,6
common7,5,0,6
common7,5,1,2
common7,5,2,45
common7,5,3,0
common7,5,4,0
common7,6,0,1
common7,6,1,13
common7,6,2,27
common7,6,3,0
common7,6,4,2
common7,7,0,0
common7,7,1,1
common7,7,2,9
common7,7,3,0
common7,7,4,0
common7,8,0,0
common7,8,1,0
common7,8,2,1
common7,8,3,185
common7,8,4,1
common7,9,0,0
common7,9,1,0
common7,9,2,0
common7,9,3,2
common7,9,4,0
common7,10,0,0
common7,10,1,0
common7,10,2,0
common7,10,3,7
common7,10,4,1
common7,11,0,0
common7,11,1,0
common7,11,2,0
common7,11,3,0
common7,11,4,0
common7,12,0,0
common7,12,1,0
common7,12,2,0
common7,12,3,15
common7,12,4,1
common7,13,0,0
common7,13,1,0
common7,13,2,0
common7,13,3,0
common7,13,4,0
common7,14,0,0
common7,14,1,0
common7,14,2,0
common7,14,3,0
common7,14,4,0
common7,15,0,0
common7,15,1,0
common7,15,2,0
common7,15,3,0
common7,15,4,0
