scheme,domain,score_n,type_n,shared,score_multi,type_multi,score_multi_percent,type_multi_percent,difference_pp,ci_lower_pp,ci_upper_pp
baseline,Neglect,505,230,228,350,102,69.3069306930693,44.34782608695652,24.95910460611278,20.547220308526306,29.662331508164495
baseline,Emotional abuse,921,350,339,648,124,70.35830618892508,35.42857142857143,34.929734760353654,31.03152935740447,38.963386259498975
baseline,Physical abuse,633,506,500,487,365,76.93522906793049,72.13438735177866,4.800841716151827,3.266126223355831,6.364083304762144
baseline,Sexual abuse,289,264,264,92,81,31.833910034602077,30.681818181818183,1.152091852783893,-0.5898714271732327,3.025191814133452
common6,Neglect,502,230,227,213,19,42.430278884462155,8.26086956521739,34.16940931924476,29.73225493226004,38.624061819075024
common6,Emotional abuse,212,350,153,110,61,51.886792452830186,17.428571428571427,34.45822102425876,28.983952614271363,40.02821194466446
common6,Physical abuse,531,506,448,203,145,38.22975517890772,28.656126482213438,9.57362869669428,7.443966510702255,11.895171584981336
common6,Sexual abuse,215,264,211,38,36,17.674418604651162,13.636363636363637,4.038054968287527,2.5238558277456344,5.862188434260138
common7,Neglect,215,230,136,74,10,34.41860465116279,4.3478260869565215,30.070778564206268,24.18886420253493,36.134196405706575
common7,Emotional abuse,206,350,151,70,22,33.980582524271846,6.285714285714286,27.694868238557557,22.18383467469021,33.62631505312426
common7,Physical abuse,513,506,439,122,81,23.78167641325536,16.007905138339922,7.773771274915439,5.720645978365963,9.935655948068339
common7,Sexual abuse,213,264,209,26,24,12.206572769953052,9.090909090909092,3.1156636790439602,1.7205763621732046,4.825011465699168
