rule,scope,domain,reassigned_records,expected_type_n,expected_type_cooccurring,type_percent,score_percent,difference_pp
uniform,all_multi,Neglect,708,278.66666666666663,152.66666666666663,54.784688995215305,69.3069306930693,14.522241697854
uniform,all_multi,Emotional abuse,708,523.3333333333334,297.33333333333337,56.81528662420382,70.35830618892508,13.543019564721263
uniform,all_multi,Physical abuse,708,358.83333333333337,218.83333333333331,60.98467254993032,76.93522906793049,15.95055651800017
uniform,all_multi,Sexual abuse,708,225.16666666666666,42.166666666666664,18.726868985936342,31.833910034602077,13.107041048665735
uniform,consistent_multi,Neglect,671,268.8333333333333,142.83333333333331,53.13081215127092,69.3069306930693,16.17611854179838
uniform,consistent_multi,Emotional abuse,671,508.99999999999994,283.0,55.59921414538311,70.35830618892508,14.759092043541976
uniform,consistent_multi,Physical abuse,671,350.5,210.5,60.05706134094151,76.93522906793049,16.878167726988984
uniform,consistent_multi,Sexual abuse,671,221.66666666666666,38.666666666666664,17.44360902255639,31.833910034602077,14.390301012045686
floor,all_multi,Neglect,708,263.3333333333333,137.33333333333331,52.151898734177216,69.3069306930693,17.15503195889209
floor,all_multi,Emotional abuse,708,353.3333333333333,127.33333333333333,36.0377358490566,70.35830618892508,34.32057033986848
floor,all_multi,Physical abuse,708,515.3333333333333,375.33333333333337,72.83311772315655,76.93522906793049,4.102111344773945
floor,all_multi,Sexual abuse,708,253.99999999999997,71.0,27.952755905511815,31.833910034602077,3.8811541290902625
floor,consistent_multi,Neglect,671,254.66666666666666,128.66666666666666,50.52356020942408,69.3069306930693,18.78337048364522
floor,consistent_multi,Emotional abuse,671,340.16666666666663,114.16666666666666,33.56197942185204,70.35830618892508,36.79632676707305
floor,consistent_multi,Physical abuse,671,505.16666666666663,365.16666666666663,72.2863741339492,76.93522906793049,4.648854933981298
floor,consistent_multi,Sexual abuse,671,249.99999999999997,67.0,26.800000000000004,31.833910034602077,5.033910034602073
ceiling,all_multi,Neglect,708,255.49999999999997,129.5,50.684931506849324,69.3069306930693,18.62199918621998
ceiling,all_multi,Emotional abuse,708,346.83333333333337,120.83333333333333,34.83901970206631,70.35830618892508,35.519286486858775
ceiling,all_multi,Physical abuse,708,529.8333333333333,389.8333333333333,73.57659641396666,76.93522906793049,3.358632653963838
ceiling,all_multi,Sexual abuse,708,253.83333333333331,70.83333333333333,27.905449770190415,31.833910034602077,3.9284602644116617
ceiling,consistent_multi,Neglect,671,247.16666666666666,121.16666666666666,49.02225219150371,69.3069306930693,20.284678501565594
ceiling,consistent_multi,Emotional abuse,671,335.0,109.0,32.53731343283582,70.35830618892508,37.82099275608926
ceiling,consistent_multi,Physical abuse,671,518.0,378.0,72.97297297297297,76.93522906793049,3.9622560949575245
ceiling,consistent_multi,Sexual abuse,671,249.83333333333331,66.83333333333333,26.75116744496331,31.833910034602077,5.082742589638766
numeric,all_multi,Neglect,708,296.3333333333333,170.33333333333331,57.48031496062992,69.3069306930693,11.826615732439386
numeric,all_multi,Emotional abuse,708,316.16666666666663,90.16666666666666,28.518713758566157,70.35830618892508,41.83959243035893
numeric,all_multi,Physical abuse,708,522.1666666666666,382.16666666666663,73.18863708905202,76.93522906793049,3.7465919788784703
numeric,all_multi,Sexual abuse,708,251.33333333333331,68.33333333333333,27.188328912466844,31.833910034602077,4.645581122135233
numeric,consistent_multi,Neglect,671,278.8333333333333,152.83333333333331,54.81171548117155,69.3069306930693,14.495215211897758
numeric,consistent_multi,Emotional abuse,671,310.66666666666663,84.66666666666666,27.253218884120173,70.35830618892508,43.10508730480491
numeric,consistent_multi,Physical abuse,671,511.16666666666663,371.16666666666663,72.6116726442778,76.93522906793049,4.32355642365269
numeric,consistent_multi,Sexual abuse,671,249.33333333333331,66.33333333333333,26.60427807486631,31.833910034602077,5.229631959735766
