scheme,domain,score_n,type_n,shared,score_only,type_only,jaccard,score_cooccurring,type_cooccurring,score_percent,type_percent,difference_pp,ci_low_pp,ci_high_pp
baseline,Neglect,505,230,228,277,2,0.44970414201183434,350,104,69.3069306930693,45.21739130434783,24.089539388721477,19.64877037172743,28.790411158040776
focal6,Neglect,502,230,227,275,3,0.4495049504950495,347,104,69.12350597609561,45.21739130434783,23.906114671747797,19.46640027428613,28.559528104479472
other6,Neglect,505,230,228,277,2,0.44970414201183434,215,19,42.57425742574257,8.26086956521739,34.31338786052518,29.967708314735436,38.730963688850515
common6,Neglect,502,230,227,275,3,0.4495049504950495,213,19,42.430278884462155,8.26086956521739,34.16940931924476,29.73225493226004,38.624061819075024
focal7,Neglect,215,230,136,79,94,0.4401294498381877,141,104,65.5813953488372,45.21739130434783,20.364004044489388,15.11307298281851,25.901426217354395
other7,Neglect,505,230,228,277,2,0.44970414201183434,210,16,41.584158415841586,6.956521739130435,34.62763667671115,30.17892428524156,39.13681670125124
common7,Neglect,215,230,136,79,94,0.4401294498381877,74,16,34.41860465116279,6.956521739130435,27.462082912032358,21.39414202603243,33.79021181592342
baseline,Emotional abuse,921,350,339,582,11,0.36373390557939916,648,124,70.35830618892508,35.42857142857143,34.929734760353654,31.03152935740447,38.963386259498975
focal6,Emotional abuse,212,350,153,59,197,0.3740831295843521,119,124,56.132075471698116,35.42857142857143,20.703504043126692,15.109659664389179,26.512799959233604
other6,Emotional abuse,921,350,339,582,11,0.36373390557939916,593,105,64.38653637350706,30.0,34.386536373507056,30.461596212837932,38.36395275915736
common6,Emotional abuse,212,350,153,59,197,0.3740831295843521,110,105,51.886792452830186,30.0,21.88679245283019,16.091494868258202,27.81250824821177
focal7,Emotional abuse,206,350,151,55,199,0.3728395061728395,114,124,55.33980582524272,35.42857142857143,19.91123439667129,14.163010872428298,25.758792297832038
other7,Emotional abuse,921,350,339,582,11,0.36373390557939916,490,52,53.20304017372421,14.857142857142858,38.34589731658136,34.583041519145866,42.180601432649226
common7,Emotional abuse,206,350,151,55,199,0.3728395061728395,70,52,33.980582524271846,14.857142857142858,19.123439667128988,13.139815913021048,25.339764586453565
baseline,Physical abuse,633,506,500,133,6,0.7824726134585289,487,366,76.93522906793049,72.33201581027669,4.603213257653804,3.0969103279027537,6.137418442440911
focal6,Physical abuse,531,506,448,83,58,0.7606112054329371,418,366,78.71939736346516,72.33201581027669,6.387381553188476,4.436635624915065,8.404053377044788
other6,Physical abuse,633,506,500,133,6,0.7824726134585289,233,153,36.808846761453395,30.23715415019763,6.571692611255769,4.43551913136659,8.806991542633115
common6,Physical abuse,531,506,448,83,58,0.7606112054329371,203,153,38.22975517890772,30.23715415019763,7.992601028710094,5.756761423062236,10.34033321531452
focal7,Physical abuse,513,506,439,74,67,0.756896551724138,407,366,79.33723196881091,72.33201581027669,7.005216158534234,4.990218574624929,9.141693525856393
other7,Physical abuse,633,506,500,133,6,0.7824726134585289,147,87,23.222748815165875,17.193675889328063,6.029072925837814,3.959935099245878,8.163264888651856
common7,Physical abuse,513,506,439,74,67,0.756896551724138,122,87,23.78167641325536,17.193675889328063,6.588000523927295,4.435052297545166,8.872075058455236
baseline,Sexual abuse,289,264,264,25,0,0.9134948096885813,92,81,31.833910034602077,30.681818181818183,1.152091852783893,-0.5898714271732327,3.025191814133452
focal6,Sexual abuse,215,264,211,4,53,0.7873134328358209,74,81,34.41860465116279,30.681818181818183,3.7367864693446107,1.0721133873898634,6.401450663904589
other6,Sexual abuse,289,264,264,25,0,0.9134948096885813,48,40,16.608996539792386,15.151515151515152,1.4574813882772348,-0.15022243019055093,3.2602298489371724
common6,Sexual abuse,215,264,211,4,53,0.7873134328358209,38,40,17.674418604651162,15.151515151515152,2.522903453136011,0.46467461541197325,4.6499138034455605
focal7,Sexual abuse,213,264,209,4,55,0.7798507462686567,74,81,34.74178403755869,30.681818181818183,4.059965855740505,1.399504090744857,6.806078787629055
other7,Sexual abuse,289,264,264,25,0,0.9134948096885813,29,26,10.034602076124568,9.848484848484848,0.1861172276397191,-0.8317794827593294,1.4762505530963208
common7,Sexual abuse,213,264,209,4,55,0.7798507462686567,26,26,12.206572769953052,9.848484848484848,2.3580879214682033,0.5970894070274901,4.235534058250291
