N,E,P,S,observed,fitted,leverage_adjusted_pearson_residual,familywise_adjusted_p,requested_repetitions,successful_replicates,failed_replicates,seed
0,0,0,1,197,196.041095,0.367626,0.997200,4999,4999,0,20260807
0,0,1,0,146,145.238794,0.377040,0.997200,4999,4999,0,20260807
0,0,1,1,10,11.720111,-0.799177,0.942600,4999,4999,0,20260807
0,1,0,0,273,272.664302,0.250668,0.999400,4999,4999,0,20260807
0,1,0,1,44,45.294603,-0.512851,0.992600,4999,4999,0,20260807
0,1,1,0,290,291.096904,-0.422512,0.995600,4999,4999,0,20260807
0,1,1,1,14,11.944191,0.912855,0.897600,4999,4999,0,20260807
1,0,0,0,155,157.455147,-1.159216,0.765600,4999,4999,0,20260807
1,0,0,1,16,14.503758,0.713838,0.964000,4999,4999,0,20260807
1,0,1,0,34,32.306059,0.639471,0.977000,4999,4999,0,20260807
1,0,1,1,0,0.735036,-0.892736,0.907200,4999,4999,0,20260807
1,1,0,0,155,152.880552,0.836130,0.929000,4999,4999,0,20260807
1,1,0,1,6,7.160544,-0.572573,0.986400,4999,4999,0,20260807
1,1,1,0,137,138.358242,-0.433271,0.995400,4999,4999,0,20260807
1,1,1,1,2,1.600662,0.355294,0.997800,4999,4999,0,20260807
