scope,pair,conditional_or,percentile_ci_low,percentile_ci_high,requested_repetitions,successful_replicates,failed_replicates,seed,resampling,interval_method,pseudocount
all,방임+정서학대,2.136811,1.516094,3.152796,5000,5000,0,20260807,fixed_total_multinomial_from_observed_15_profile_distribution,percentile,0
all,방임+신체학대,0.847703,0.651170,1.115435,5000,5000,0,20260807,fixed_total_multinomial_from_observed_15_profile_distribution,percentile,0
all,방임+성학대,0.281952,0.156893,0.447275,5000,5000,0,20260807,fixed_total_multinomial_from_observed_15_profile_distribution,percentile,0
all,정서학대+신체학대,4.410884,3.098874,6.505259,5000,5000,0,20260807,fixed_total_multinomial_from_observed_15_profile_distribution,percentile,0
all,정서학대+성학대,0.508476,0.328437,0.782055,5000,5000,0,20260807,fixed_total_multinomial_from_observed_15_profile_distribution,percentile,0
all,신체학대+성학대,0.247002,0.145409,0.384899,5000,5000,0,20260807,fixed_total_multinomial_from_observed_15_profile_distribution,percentile,0
train,방임+정서학대,2.074924,1.423829,3.078023,5000,5000,0,20260807,fixed_total_multinomial_from_observed_15_profile_distribution,percentile,0
train,방임+신체학대,0.827228,0.625611,1.100176,5000,5000,0,20260807,fixed_total_multinomial_from_observed_15_profile_distribution,percentile,0
train,방임+성학대,0.273546,0.152724,0.446662,5000,5000,0,20260807,fixed_total_multinomial_from_observed_15_profile_distribution,percentile,0
train,정서학대+신체학대,4.342785,2.981835,6.558594,5000,5000,0,20260807,fixed_total_multinomial_from_observed_15_profile_distribution,percentile,0
train,정서학대+성학대,0.453927,0.278275,0.710654,5000,5000,0,20260807,fixed_total_multinomial_from_observed_15_profile_distribution,percentile,0
train,신체학대+성학대,0.201085,0.108438,0.330821,5000,5000,0,20260807,fixed_total_multinomial_from_observed_15_profile_distribution,percentile,0
validation,방임+정서학대,2.442255,0.752412,8.937651,5000,5000,0,20260807,fixed_total_multinomial_from_observed_15_profile_distribution,percentile,0
validation,방임+신체학대,0.996154,0.373432,2.369877,5000,5000,0,20260807,fixed_total_multinomial_from_observed_15_profile_distribution,percentile,0
validation,방임+성학대,0.327291,0.000000,1.137926,5000,5000,0,20260807,fixed_total_multinomial_from_observed_15_profile_distribution,percentile,0
validation,정서학대+신체학대,4.475053,1.355184,15.851283,5000,5000,0,20260807,fixed_total_multinomial_from_observed_15_profile_distribution,percentile,0
validation,정서학대+성학대,1.008319,0.252061,3.431059,5000,5000,0,20260807,fixed_total_multinomial_from_observed_15_profile_distribution,percentile,0
validation,신체학대+성학대,0.636619,0.132263,1.886078,5000,5000,0,20260807,fixed_total_multinomial_from_observed_15_profile_distribution,percentile,0
