population,characteristic,level,n,percent,mean,sd,min,max
all_accessible_records,age,years,3236,,9.625155,1.662972,7.000000,12.000000
all_accessible_records,sex,남성,1613,49.845488,,,,
all_accessible_records,sex,여성,1623,50.154512,,,,
all_accessible_records,grade,고학년,1617,49.969098,,,,
all_accessible_records,grade,저학년,1619,50.030902,,,,
all_accessible_records,crisis,학대의심,644,19.901112,,,,
all_accessible_records,crisis,상담필요,621,19.190358,,,,
all_accessible_records,crisis,응급,672,20.766378,,,,
all_accessible_records,crisis,정상군,665,20.550062,,,,
all_accessible_records,crisis,관찰필요,634,19.592089,,,,
all_accessible_records,split,train,2876,88.875155,,,,
all_accessible_records,split,validation,360,11.124845,,,,
all_accessible_records,threshold_positive,one_or_more_domains,1479,45.704574,,,,
all_accessible_records,multidomain,two_or_more_domains,708,21.878863,,,,
threshold_positive_records,age,years,1479,,9.956728,1.617987,7.000000,12.000000
threshold_positive_records,sex,남성,696,47.058824,,,,
threshold_positive_records,sex,여성,783,52.941176,,,,
threshold_positive_records,grade,고학년,877,59.296822,,,,
threshold_positive_records,grade,저학년,602,40.703178,,,,
threshold_positive_records,crisis,학대의심,643,43.475321,,,,
threshold_positive_records,crisis,응급,481,32.521974,,,,
threshold_positive_records,crisis,상담필요,350,23.664638,,,,
threshold_positive_records,crisis,정상군,2,0.135227,,,,
threshold_positive_records,crisis,관찰필요,3,0.202840,,,,
threshold_positive_records,split,train,1308,88.438134,,,,
threshold_positive_records,split,validation,171,11.561866,,,,
threshold_positive_records,threshold_positive,one_or_more_domains,1479,100.000000,,,,
threshold_positive_records,multidomain,two_or_more_domains,708,47.870183,,,,
