scheme,varied_threshold,threshold_neglect,threshold_emotional,threshold_physical,threshold_sexual,positive_cases,multidomain_cases,multidomain_percent,domain_occurrences,n_neglect,reduction_neglect,n_emotional,reduction_emotional,n_physical,reduction_physical,n_sexual,reduction_sexual,mean_reduction_emotional_neglect,mean_reduction_physical_sexual,group_contrast_percentage_points
common_all_domains,3,3,3,3,3,1517,727,47.923533,2410,511,55.185910,957,63.740857,653,22.817764,289,8.650519,59.463383,15.734142,43.729242
common_all_domains,4,4,4,4,4,1488,713,47.916667,2364,505,54.851485,933,63.344051,637,21.350078,289,8.650519,59.097768,15.000299,44.097470
common_all_domains,5,5,5,5,5,1479,707,47.802569,2347,504,54.761905,921,63.192182,633,21.011058,289,8.650519,58.977044,14.830789,44.146255
common_all_domains,6,6,6,6,6,1164,268,23.024055,1460,502,54.780876,212,27.830189,531,15.630885,215,1.860465,41.305533,8.745675,32.559857
common_all_domains,7,7,7,7,7,996,141,14.156627,1147,215,36.744186,206,26.699029,513,14.424951,213,1.877934,31.721608,8.151443,23.570165
neglect_only,3,3,5,5,5,1483,710,47.875927,2354,511,55.185910,921,63.192182,633,21.011058,289,8.650519,59.189046,14.830789,44.358257
neglect_only,4,4,5,5,5,1479,708,47.870183,2348,505,54.851485,921,63.192182,633,21.011058,289,8.650519,59.021834,14.830789,44.191045
neglect_only,5,5,5,5,5,1479,707,47.802569,2347,504,54.761905,921,63.192182,633,21.011058,289,8.650519,58.977044,14.830789,44.146255
neglect_only,6,6,5,5,5,1479,707,47.802569,2345,502,54.780876,921,63.192182,633,21.011058,289,8.650519,58.986529,14.830789,44.155741
neglect_only,7,7,5,5,5,1398,584,41.773963,2058,215,36.744186,921,63.192182,633,21.011058,289,8.650519,49.968184,14.830789,35.137395
prespecified,4,4,5,5,5,1479,708,47.870183,2348,505,54.851485,921,63.192182,633,21.011058,289,8.650519,59.021834,14.830789,44.191045
