cutoff,domain,denominator,unrepresented,percent
3,Neglect,511,282,55.18590998043053
3,Emotional abuse,957,610,63.74085684430512
3,Physical abuse,653,149,22.817764165390507
3,Sexual abuse,289,25,8.650519031141869
4,Neglect,505,277,54.851485148514854
4,Emotional abuse,933,591,63.344051446945336
4,Physical abuse,637,136,21.350078492935637
4,Sexual abuse,289,25,8.650519031141869
5,Neglect,504,276,54.76190476190476
5,Emotional abuse,921,582,63.192182410423456
5,Physical abuse,633,133,21.011058451816744
5,Sexual abuse,289,25,8.650519031141869
6,Neglect,502,275,54.78087649402391
6,Emotional abuse,212,59,27.830188679245282
6,Physical abuse,531,83,15.630885122410547
6,Sexual abuse,215,4,1.8604651162790697
7,Neglect,215,79,36.74418604651163
7,Emotional abuse,206,55,26.699029126213592
7,Physical abuse,513,74,14.42495126705653
7,Sexual abuse,213,4,1.8779342723004695
