domain,definition,n,age_mean,age_sd,female_percent,lower_grade_percent,stage|Observation needed,stage|Counseling needed,stage|Emergency,stage|Normal,stage|Suspected maltreatment,group|General,group|Residential care,group|Low income,group|Multicultural family,group|Maltreatment-experienced
Neglect,score,505,9.798019801980198,1.6338422553845642,50.0990099009901,44.15841584158416,0.19801980198019803,24.356435643564357,28.910891089108908,0.19801980198019803,46.33663366336634,47.92079207920792,5.742574257425743,17.82178217821782,2.7722772277227725,25.742574257425744
Neglect,type,230,9.7,1.6695317440951774,52.60869565217391,43.913043478260875,0.0,33.04347826086956,16.52173913043478,0.0,50.43478260869565,50.43478260869565,4.3478260869565215,18.695652173913043,2.608695652173913,23.91304347826087
Neglect,shared,228,9.701754385964913,1.670842592898863,52.63157894736842,43.859649122807014,0.0,32.89473684210527,16.228070175438596,0.0,50.877192982456144,50.0,4.385964912280701,18.859649122807017,2.631578947368421,24.12280701754386
Neglect,score_only,277,9.87725631768953,1.6014335909996529,48.014440433213,44.4043321299639,0.36101083032490977,17.328519855595665,39.35018050541516,0.36101083032490977,42.59927797833935,46.20938628158845,6.859205776173286,16.967509025270758,2.888086642599278,27.075812274368232
Emotional abuse,score,921,9.948968512486427,1.612654279807477,48.9685124864278,41.585233441910965,0.21715526601520088,21.71552660152009,36.807817589576544,0.10857763300760044,41.15092290988056,53.63735070575461,9.120521172638437,9.66340933767644,3.040173724212812,24.5385450597177
Emotional abuse,type,350,10.117142857142857,1.6096032923994001,46.85714285714286,36.857142857142854,1.4285714285714286,27.714285714285715,35.42857142857142,0.0,35.42857142857142,57.14285714285714,11.714285714285715,9.428571428571429,2.857142857142857,18.857142857142858
Emotional abuse,shared,339,10.12094395280236,1.6025509416296435,47.1976401179941,36.57817109144543,0.2949852507374631,28.31858407079646,34.80825958702065,0.0,36.57817109144543,57.817109144542776,11.504424778761061,9.734513274336283,2.949852507374631,17.99410029498525
Emotional abuse,score_only,582,9.848797250859107,1.611434057385073,50.0,44.50171821305842,0.1718213058419244,17.869415807560138,37.97250859106529,0.1718213058419244,43.81443298969072,51.20274914089347,7.731958762886598,9.621993127147768,3.0927835051546393,28.350515463917525
Physical abuse,score,633,9.903633491311217,1.5756863297505102,44.23380726698262,43.60189573459716,0.1579778830963665,10.584518167456556,36.492890995260666,0.0,52.76461295418642,51.342812006319114,8.372827804107425,8.214849921011059,1.8957345971563981,30.173775671406005
Physical abuse,type,506,9.806324110671937,1.5701546640384452,41.30434782608695,46.047430830039524,0.3952569169960474,8.102766798418973,35.96837944664031,0.0,55.533596837944664,51.18577075098815,6.91699604743083,8.695652173913043,2.371541501976284,30.8300395256917
Physical abuse,shared,500,9.832,1.55969268850153,41.0,45.4,0.0,8.200000000000001,36.0,0.0,55.800000000000004,51.4,7.000000000000001,8.799999999999999,2.4,30.4
Physical abuse,score_only,133,10.172932330827068,1.6120346554074692,56.390977443609025,36.84210526315789,0.7518796992481203,19.548872180451127,38.34586466165413,0.0,41.35338345864661,51.127819548872175,13.533834586466165,6.015037593984962,0.0,29.32330827067669
Sexual abuse,score,289,10.373702422145328,1.6155066052775833,80.62283737024222,30.103806228373703,0.0,15.570934256055363,42.56055363321799,0.0,41.86851211072664,48.78892733564014,14.878892733564014,6.5743944636678195,2.422145328719723,27.33564013840831
Sexual abuse,type,264,10.352272727272727,1.6082470871721972,80.68181818181817,31.060606060606062,0.0,11.742424242424242,43.18181818181818,0.0,45.07575757575758,48.10606060606061,14.772727272727273,5.681818181818182,2.272727272727273,29.166666666666668
Sexual abuse,shared,264,10.352272727272727,1.6082470871721972,80.68181818181817,31.060606060606062,0.0,11.742424242424242,43.18181818181818,0.0,45.07575757575758,48.10606060606061,14.772727272727273,5.681818181818182,2.272727272727273,29.166666666666668
Sexual abuse,score_only,25,10.6,1.707825127659933,80.0,20.0,0.0,56.00000000000001,36.0,0.0,8.0,56.00000000000001,16.0,16.0,4.0,8.0
