rule,domain,multidomain_n,expected_matches,expected_nonrepresentation_percent
numeric,Neglect,350,168.33333333333331,51.90476190476191
numeric,Emotional abuse,648,90.16666666666666,86.08539094650206
numeric,Physical abuse,487,381.16666666666663,21.731690622861066
numeric,Sexual abuse,92,68.33333333333333,25.72463768115942
floor,Neglect,350,135.33333333333331,61.33333333333334
floor,Emotional abuse,648,127.3333333333333,80.34979423868313
floor,Physical abuse,487,374.33333333333326,23.134839151266274
floor,Sexual abuse,92,70.99999999999999,22.826086956521753
ceiling,Neglect,350,127.49999999999999,63.57142857142857
ceiling,Emotional abuse,648,120.83333333333331,81.35288065843622
ceiling,Physical abuse,487,388.8333333333333,20.157426420260105
ceiling,Sexual abuse,92,70.83333333333333,23.007246376811597
