domain,allocation,multidomain_n,expected_matches,multidomain_nonrepresentation_percent,type_percent,score_percent,difference_pp
Neglect,observed,350,102.0,70.85714285714286,45.21739130434783,69.3069306930693,24.089539388721477
Neglect,uniform,350,150.66666666666666,56.952380952380956,54.78468899521532,69.3069306930693,14.522241697853985
Neglect,numeric,350,168.33333333333331,51.90476190476191,57.48031496062992,69.3069306930693,11.826615732439386
Neglect,floor,350,135.33333333333331,61.33333333333334,52.151898734177216,69.3069306930693,17.15503195889209
Neglect,ceiling,350,127.5,63.57142857142857,50.68493150684932,69.3069306930693,18.621999186219988
Emotional abuse,observed,648,123.0,81.0185185185185,35.42857142857143,70.35830618892508,34.929734760353654
Emotional abuse,uniform,648,297.3333333333333,54.11522633744856,56.81528662420383,70.35830618892508,13.543019564721256
Emotional abuse,numeric,648,90.16666666666666,86.08539094650206,28.518713758566157,70.35830618892508,41.83959243035893
Emotional abuse,floor,648,127.3333333333333,80.34979423868313,36.037735849056595,70.35830618892508,34.32057033986849
Emotional abuse,ceiling,648,120.83333333333331,81.35288065843622,34.83901970206631,70.35830618892508,35.519286486858775
Physical abuse,observed,487,365.0,25.051334702258732,72.33201581027669,76.93522906793049,4.603213257653806
Physical abuse,uniform,487,217.83333333333331,55.270362765229294,60.98467254993033,76.93522906793049,15.950556518000162
Physical abuse,numeric,487,381.1666666666666,21.731690622861077,73.18863708905202,76.93522906793049,3.7465919788784703
Physical abuse,floor,487,374.33333333333326,23.134839151266274,72.83311772315653,76.93522906793049,4.1021113447739594
Physical abuse,ceiling,487,388.8333333333333,20.157426420260105,73.57659641396666,76.93522906793049,3.358632653963838
Sexual abuse,observed,92,81.0,11.956521739130432,30.681818181818183,31.833910034602077,1.1520918527838937
Sexual abuse,uniform,92,42.166666666666664,54.16666666666667,18.726868985936342,31.833910034602077,13.107041048665735
Sexual abuse,numeric,92,68.33333333333333,25.72463768115942,27.188328912466844,31.833910034602077,4.645581122135233
Sexual abuse,floor,92,70.99999999999999,22.826086956521753,27.952755905511804,31.833910034602077,3.881154129090273
Sexual abuse,ceiling,92,70.83333333333333,23.007246376811597,27.905449770190415,31.833910034602077,3.9284602644116617
