scheme,domain,score_n,type_n,shared,score_cooccurring,type_cooccurring,score_percent,type_percent,difference_pp,ci_lower_pp,ci_upper_pp,multidomain_difference_pp
baseline,Neglect,505,230,228,350,104,69.3069306930693,45.21739130434783,24.089539388721477,19.64877037172742,28.79041115804077,24.95910460611278
baseline,Emotional abuse,921,350,339,648,124,70.35830618892508,35.42857142857143,34.929734760353654,31.031529357404462,38.963386259498975,34.929734760353654
baseline,Physical abuse,633,506,500,487,366,76.93522906793049,72.33201581027669,4.603213257653806,3.096910327902753,6.137418442440919,4.800841716151837
baseline,Sexual abuse,289,264,264,92,81,31.833910034602077,30.681818181818183,1.1520918527838937,-0.5898714271732327,3.025191814133455,1.1520918527838937
common6,Neglect,502,230,227,213,19,42.430278884462155,8.26086956521739,34.169409319244764,29.73225493226004,38.624061819075024,34.169409319244764
common6,Emotional abuse,212,350,153,110,105,51.886792452830186,30.0,21.886792452830186,16.091494868258202,27.81250824821177,34.45822102425876
common6,Physical abuse,531,506,448,203,153,38.22975517890772,30.23715415019763,7.992601028710094,5.756761423062236,10.340333215314523,9.573628696694286
common6,Sexual abuse,215,264,211,38,40,17.674418604651162,15.151515151515152,2.52290345313601,0.46467461541197264,4.649913803445561,4.0380549682875255
common7,Neglect,215,230,136,74,16,34.41860465116279,6.956521739130435,27.462082912032354,21.39414202603243,33.79021181592342,30.070778564206265
common7,Emotional abuse,206,350,151,70,52,33.980582524271846,14.857142857142858,19.123439667128988,13.13981591302105,25.33976458645357,27.69486823855756
common7,Physical abuse,513,506,439,122,87,23.78167641325536,17.193675889328063,6.588000523927299,4.435052297545167,8.872075058455234,7.77377127491544
common7,Sexual abuse,213,264,209,26,26,12.206572769953052,9.848484848484848,2.3580879214682042,0.5970894070274897,4.23553405825029,3.1156636790439602
