scope,domain,n,expected_matches,expected_nonrepresentation_percent
all,Neglect,505,323.33333333333337,35.97359735973597
all,Emotional abuse,921,363.16666666666663,60.568222946073114
all,Physical abuse,633,527.1666666666666,16.71932596103213
all,Sexual abuse,289,265.3333333333333,8.189158016147642
single,Neglect,155,155.0,0.0
single,Emotional abuse,273,273.0,0.0
single,Physical abuse,146,146.0,0.0
single,Sexual abuse,197,197.0,0.0
multi,Neglect,350,168.33333333333331,51.904761904761905
multi,Emotional abuse,648,90.16666666666666,86.08539094650206
multi,Physical abuse,487,381.1666666666667,21.731690622861052
multi,Sexual abuse,92,68.33333333333333,25.724637681159425
