scope,exclude_none,domain,n,same,nonrepresentation,observed_percent,expected_matches,expected_nonrepresentation_percent
all,False,Neglect,505,228,277,54.851485148514854,305.6666666666667,39.47194719471947
all,False,Emotional abuse,921,339,582,63.192182410423456,570.3333333333334,38.07455664133188
all,False,Physical abuse,633,500,133,21.011058451816744,363.8333333333333,42.52238020010532
all,False,Sexual abuse,289,264,25,8.650519031141869,239.16666666666666,17.24336793540946
all,True,Neglect,456,228,228,50.0,267.3333333333333,41.37426900584796
all,True,Emotional abuse,834,339,495,59.35251798561151,500.0,40.04796163069545
all,True,Physical abuse,604,500,104,17.218543046357617,344.5,42.9635761589404
all,True,Sexual abuse,270,264,6,2.2222222222222223,223.16666666666666,17.34567901234568
single,False,Neglect,155,126,29,18.70967741935484,155.0,0.0
single,False,Emotional abuse,273,216,57,20.87912087912088,273.0,0.0
single,False,Physical abuse,146,135,11,7.534246575342466,146.0,0.0
single,False,Sexual abuse,197,183,14,7.106598984771574,197.0,0.0
single,True,Neglect,126,126,0,0.0,126.0,0.0
single,True,Emotional abuse,218,216,2,0.9174311926605505,218.0,0.0
single,True,Physical abuse,135,135,0,0.0,135.0,0.0
single,True,Sexual abuse,184,183,1,0.5434782608695652,184.0,0.0
multi,False,Neglect,350,102,248,70.85714285714286,150.66666666666666,56.952380952380956
multi,False,Emotional abuse,648,123,525,81.01851851851852,297.33333333333337,54.115226337448554
multi,False,Physical abuse,487,365,122,25.05133470225873,217.83333333333331,55.2703627652293
multi,False,Sexual abuse,92,81,11,11.956521739130435,42.166666666666664,54.16666666666667
multi,True,Neglect,330,102,228,69.0909090909091,141.33333333333334,57.17171717171716
multi,True,Emotional abuse,616,123,493,80.03246753246754,282.0,54.22077922077922
multi,True,Physical abuse,469,365,104,22.174840085287848,209.5,55.330490405117274
multi,True,Sexual abuse,86,81,5,5.813953488372093,39.166666666666664,54.45736434108528
